-0.0,0.459610988308932,-3.186166589332616e-20,-0.09126638473652839,0.23605026770696358,0.007919962911054934,13.978464541245835,72.16083583610269,0.33610449226862477,-0.09126638473652839,-4.9857642884870416e-18,69.89232270622918
0.0004070991325921566,0.48587644983233325,0.000744061846220772,-0.08564491073024784,0.19446061962112374,0.008377746799268195,11.621782319216578,71.70474483278595,0.29869979324885765,-0.08564491073024784,-0.08141973344039093,11.783411110146282
0.10305361054765536,1.1200132223410713,0.08558107658818012,-0.07943001649275289,0.04017893738635906,0.008419153615664228,2.7844655068086364,72.16153781370156,0.19923643023854734,-0.1366148132146973,-0.13499471479880082,44.18658406203971
0.17252223724628377,1.6448632171328281,0.1058301189010488,-0.07078981697795925,-0.12745172432306642,0.00953682749642916,-6.756025929886859,63.84817919806491,0.06497142380900708,-0.17206352637060107,-0.03222360875462041,47.70245718347748
0.19138591338514505,2.234610443627528,0.0672148912547041,-0.06189552017743579,-0.1674964681598227,0.010017483417868654,-9.022881187719054,60.78575063938693,-0.023996845371835496,-0.14247913641365773,0.07845104624578267,11.334276289160975
0.16750602634085723,2.740745325023121,0.016149873609687816,-0.05228278231661648,-0.11462332023093713,0.010207375667232694,-5.982592937372236,59.68805906897383,-0.04142638385140041,-0.07888391975622265,0.1049030381610053,15.201441251734092
0.12888173886133525,3.3174635922577065,-0.024388448937384507,-0.042643052491970396,-0.04368539746509559,0.010016753732233662,-1.9290711878225777,60.83228846631405,-0.02669623389503045,-0.025153526074373402,0.06913673812713236,20.267608747748294
0.09613377781208282,3.921473976482137,-0.039140777765010716,-0.03347013258496555,-0.0022390641359964344,0.009230064933785408,0.40055484028589966,66.00392759035996,-0.012901040471165573,0.0028191772356512684,0.022215777049027392,11.648130140542388
0.07791563413960936,4.424919838804334,-0.037625899389599746,-0.025365651013579835,0.01566353272059416,0.007669068188630897,1.336859557161703,79.43224993420714,0.007303844768103143,0.01252336291611459,-0.004611282965603002,4.681523584379017
0.0652121153872911,5.05833687467866,-0.028273394079055787,-0.018795198288236076,0.0342632120600135,0.005276539004913422,2.265460859018215,115.4504067956349,0.02851800960605365,0.010795886417497121,-0.015388057624534986,4.643006509282559
0.06503347478596201,5.54801878702287,-0.01607719831201446,-0.014723009336370416,-0.002530713205680224,0.003455096563898469,0.05296326507803516,176.31493544620898,-0.009307296712915308,0.00209872746572912,-0.02607576816260243,11.062487969700898
0.05626171136567447,6.19587442742919,-0.014939010705321821,-0.012281810329517029,0.0019769131058971863,0.0011148591815612543,0.17714550328687698,546.4256296076315,-0.006605532663520152,0.0026832944836843644,-0.0006091166346365671,0.6209111910442091
0.04913666617238744,6.757284461873396,-0.013845280506093413,-0.011871104811921392,0.0017853214726359654,-0.0002669098336133825,0.08699857847953586,2282.356559733928,-0.006068697365424051,0.0021487239174035003,-0.002037208490015668,0.45073462403670556
0.04116853709476717,7.390661481556804,-0.01318700579402683,-0.012579221148075066,-0.008395780978157028,-0.0012919579976762244,-0.555066556339636,471.5193210334568,-0.014881893674455558,0.0007506543891869465,-0.0010004723735209911,3.2103256740958592
0.03119839336677186,7.894408780433146,-0.01616570284198379,-0.013987198555427734,-0.012691362788913113,-0.0017585108609245292,-0.8279167746329956,346.4207295229654,-0.020569423720017015,0.001631603498738225,0.00638362677956085,1.3642510914667982
0.01656236374688081,8.441228227468608,-0.021197433942827887,-0.015753423138886377,0.013152441976221497,-0.0018201700078429362,0.6492913560825014,334.685854069228,0.012687799809027676,0.005036152894305236,0.009523193855265745,7.386040653577486
0.008315420574288544,9.045777091649528,-0.01721046636837664,-0.017342460518380634,0.009690312399414196,-0.0014256381860794668,0.47353095147468366,427.30204480375494,0.015124592701286294,0.00040116992444235236,-0.007468138559306442,0.8788020230390889
0.002409290611191571,9.592824697238633,-0.014197460585145656,-0.018438605153554513,-0.030111959617420005,-0.0006425942323442047,-1.7621061363993074,948.0061857009748,-0.031070754617670646,-0.004085608341921723,-0.005446006897439806,11.178185439369955
-0.018301994535015076,10.182645034221718,-0.02493998809352909,-0.018707073326123612,0.009049153910819332,0.0001614257712561692,0.5277273426518738,3773.8040825421353,0.007833105058276401,0.005364817067688297,0.020275355370588076,11.449167395255905
-0.03127239930557574,10.815846542991643,-0.022276145125876532,-0.01844561352520815,0.012172416726285207,0.0004216251444578348,0.7215854462046202,1444.8216363216711,0.013069910052372083,0.00461051069153897,-0.0060707543385363685,0.9692905177637318
-0.03771314992750365,11.305302259208553,-0.018310630168540516,-0.017947573966567997,0.006297276119522116,0.0006185386106112567,0.3962469959310487,984.8723271510213,0.011627644090351687,0.0006000796596063382,-0.00830030824789948,1.6266922513678574
-0.045540405421261865,11.92432457593393,-0.015405264785779142,-0.017308608302104882,0.018850077606405967,0.0007365032855654182,1.1222284202015438,827.1301231698071,0.02633869057032674,-0.0015779655321637998,-0.004557292120548545,3.629907121352476
-0.04629077577521086,12.500217538711668,-0.00839137182358089,-0.01657778259300147,-0.008646893592408852,0.0008042527995193022,-0.44935021766970484,757.4516480769287,-0.00577763206186166,-0.0072648038825341345,-0.012906790640255697,7.857893189356243
-0.053143530508100424,13.0328260684338,-0.010598079524868203,-0.015794667627167327,-0.018285264057953082,0.0008005921601903212,-1.0017979059128017,760.9174478539173,-0.018549423241657263,-0.005270379494018386,0.005167164101142938,2.7622384412154846
-0.07098521048687864,13.76677412036462,-0.018715507540330488,-0.015079638313670155,-0.003219449638807266,0.0007341608449751937,-0.1423965587577367,829.7716180821888,-0.011141484651222746,0.0014972426230052266,0.011522680230489288,4.297006735775325
-0.08070989238376114,14.212907445834405,-0.01986513564909864,-0.014448690661831515,0.004783422123872913,0.0004774374174713387,0.3014250483301556,1275.9374665856362,0.004494148260202601,0.005346295464617833,0.0016377981848921187,2.2191080354394614
-0.09055281445452833,14.788650197468606,-0.018395648158259777,-0.014207032074678794,0.013199349999450008,-5.021119139682174e-06,0.7559793583493548,121323.6896816049,0.014298160419831275,0.004337118711311471,-0.0034669214241103167,2.272771550095996
-0.0961714040438402,15.479678415061482,-0.012585790330096979,-0.014320820567253223,0.02037547634760622,-0.00024790948828066643,1.15322463290674,2457.277129175744,0.026806089254220455,-0.00036927364975833724,-0.008694534212325562,1.9862263727869256
-0.09554367084343295,15.926004971023058,-0.006910135863740916,-0.014590718493742341,-0.024739317080366245,-0.0002860787667623987,-1.4338495626846888,2129.4260005019187,-0.021561301505097066,-0.00749116999942103,-0.013263033163010716,12.935370977957144
-0.10907539118396758,16.516044102164248,-0.015259366794373576,-0.014801577311465076,-0.006275303722254845,-0.00014065422183258552,-0.3676073117296424,4331.083537758068,-0.01227159180403394,-0.0004840823284793811,0.016492061369767812,5.331211254775232
-0.12028624383172579,17.048535039614865,-0.017845499315397022,-0.014784441331532125,0.011176085736709467,0.00023645775396130412,0.6538905755249353,2576.2821717434667,0.013314983438718044,0.003000692776247914,0.004227827723617281,5.107489436272888
-0.12613248795968962,17.63873456335551,-0.013780552024803255,-0.014325187559933329,0.0005658433929024895,0.0008445853368564827,0.08081161351918685,721.2773332799147,-0.004476976785205958,-0.00022247000542109305,-0.007520320021088099,2.8653948100287425
-0.13439188513384318,18.315308982393642,-0.012968010613352836,-0.0131418411309309,-0.020892268362227948,0.0016735598531657358,-1.1011508852614276,364.004726436947,-0.026544320035237275,-5.4391559360073005e-05,-0.0009293201617103044,5.909812493903072
-0.1477318047538989,18.83336804207123,-0.01889208703340482,-0.011031614993412502,0.017947380748659234,0.0027889257837735654,1.1881028469979582,218.43039560565404,0.014969043153278858,0.007137173054779176,0.012665706032370126,11.44626866129693
-0.15113768600385083,19.466748002473143,-0.011456150072780183,-0.008033948222816606,0.010709929264277626,0.003710299467881208,0.8262182459659871,164.18541896494608,0.011301539803216219,0.004983291212754613,-0.013665220237229138,1.8094230051598554
-0.15107509151565793,20.085840080680292,-0.0055020336195884525,-0.00432730203865707,0.027234539716156726,0.004373264500284448,1.8109937812778873,139.29753978783123,0.029918784468877933,0.0028030829193293272,-0.009501198117845753,4.923877676559501
-0.14112003977532733,20.647272416021703,0.005773219994131438,-9.822784507700388e-05,-0.019797267602489153,0.004554168157004306,-0.8733652649244872,133.76461917573778,-0.02186951889642139,-0.002599279818054464,-0.020830395249113884,13.421795231011872
-0.14261582436196832,21.151092917270045,0.0016684948492477322,0.004066319663843648,-0.015711672935074975,0.004419428094854972,-0.6469979705729868,137.8410311657734,-0.023759428060821555,0.0013938515924487877,0.010042244802247295,1.1318364717575018
-0.14662090302045305,21.712523048129363,-0.002549757461105751,0.008218415549037504,-0.005022365594787087,0.004093695228692977,-0.053208892536061536,148.81020275897475,-0.022466519304815722,0.010236916982790122,0.007439360185049506,2.9689453901846266
-0.1499710174866764,22.3747191873109,-0.0037323921552449503,0.011967004220246696,0.024346005664988634,0.003573862870125597,1.5996906316221498,170.4549342441801,0.012736664824165937,0.015612017712428377,0.0006117904367284957,8.264497620791056
-0.14068326888664187,22.964889928226896,0.006216203223980027,0.015046217283074426,0.01843606384145037,0.003008325066735428,1.2286729786762016,202.4985113569792,0.011753938798891233,0.011982854213727847,-0.01839793314506381,1.8550882647297406
-0.12963460936184013,23.454258750764986,0.013260160424850124,0.01777131722961736,0.027231644262938517,0.0024346939605512687,1.6997559738135972,250.2112284243436,0.02759431197566317,0.005318298968970028,-0.014130225125744328,2.355414975686978
-0.1097288803079492,24.01535831132668,0.023991981376524075,0.019813440108869786,-0.024924233744326625,0.0020277687578208036,-1.311870809495847,300.42397901240895,-0.026649418494025127,-0.002782812035398971,-0.01955459168672605,15.05813391654722
-0.10447542112547308,24.59110845334724,0.016409415512155526,0.021598275469877103,0.016900697292696595,0.0017255821065481941,1.067207197608197,353.024128955204,0.017165462448212664,0.004111539623366196,0.01508922278348242,11.895390035520219
-0.0836910021860987,25.310553093652846,0.023975959467412055,0.023123473450191685,0.01482234050929791,0.0015071101115077391,0.9356086023394458,404.207151757054,0.01900317226728605,0.0017762477506023215,-0.012275365443408418,0.6579929763437559
-0.06981368920302172,25.698964553067388,0.028189004157834797,0.02448488083360717,-0.00606109060576855,0.0013809726077505338,-0.26815100890964855,441.1277601869339,-0.007541403483555331,-0.0033968547308563593,-0.010762986056256963,6.018798056245471
-0.05298216675265323,26.36092225542967,0.0265622181753645,0.025905491070365067,-0.011059913158738824,0.0013708377490657692,-0.5551431283582551,444.38494284785986,-0.016060576349396043,-0.0008328715945161574,0.003084595440529532,1.4349605972430326
-0.04283639291129185,26.87910107809216,0.023374504944816764,0.027107825565396045,-0.007968694233868673,0.001475287313216523,-0.37204481121440847,412.9239499848271,-0.017701204554905536,0.0033686306042044027,0.006385619390433979,0.9154915857192331
-0.0318426586940333,27.483667397305336,0.0207480327000655,0.02860613164183129,0.017633285568411136,0.0017349015660478172,1.109715379624078,351.13438726492575,0.01478284128992772,0.007491496020098833,0.004279023050606453,7.408800954192431
-0.010400811625379237,28.102289189325685,0.0280910104566751,0.030374412410764027,0.009181971785659455,0.0017882758968697865,0.6285488924220977,340.65609000527604,0.011040536627877656,0.003923448380492012,-0.0127662232642302,2.4058324360099013
0.00918361841589264,28.634524459145183,0.03206818463430787,0.03191799826092488,-0.0003954073044391672,0.001286128930827774,0.0510345899130957,473.656574833592,-0.00601673306716125,0.0002626572145523823,-0.00723158094448517,2.8875715125450094
0.027846138526849314,29.195614415231095,0.03258519987770893,0.03291742487006851,0.00022081605248914932,0.0010020256026098066,0.07006366584996243,607.9488579640708,-0.0058644310002318204,0.00038250838044685126,-0.0005871888172994925,0.09514537968433365
0.04567996199214965,29.727951189250604,0.03300464804143065,0.03380577506488871,-0.002821138873272374,0.0009058384846012068,-0.10973862877062408,672.5067838428128,-0.009376423603308218,0.0008356437860439492,-0.0008061568299400125,0.8990114731029325
0.0652724780962991,30.346662873799087,0.0322888673126453,0.03476827957605553,0.004369570373546744,0.0010378683250110243,0.3098234154030747,586.9551172188004,-0.004028285645134178,0.0024253480205445738,0.001262647780954905,2.0978102208684937
0.08765593820438917,30.96526703668513,0.0343385207355093,0.03533985504584109,-0.012780074846487037,-0.0008193488965719349,-0.7791895842872836,743.4983346929928,-0.019743415593781018,0.0013574718514428805,-0.0035650273815001354,5.445064998451792
0.10196253791237209,31.540940276090428,0.02958030114346122,0.033730120288167575,0.0015866827858575933,-0.002811349319920743,-0.07016822371273294,216.68474860409074,0.0032693412510539535,0.0029980555817220936,0.00896542164846287,3.5451068028727533
0.11769860950069269,32.102195812452244,0.028897042507309824,0.030459539856566784,0.010501680432296835,-0.0031194859193897943,0.42296858913420793,195.2837445573436,0.014169084025312426,0.0015164040316558366,0.0008072397628175161,2.465684064234704
0.13683639451419677,32.663298333577444,0.03144354585581738,0.02839523657657645,-0.0015366809386930576,-0.0009216346596368314,-0.14085110849548038,660.983528679382,0.00716615667396812,-0.0027010267023343873,-0.00486628548714854,2.8190984881484416
0.1541319926960899,33.238857219026755,0.030704032673069613,0.02962757296278063,0.012979649927547635,0.004865352297428375,1.0224433128926889,125.20793714851614,0.0194106422907052,-0.0012152430031167824,0.001620501115839609,5.8164721069408465
0.17774740071079018,33.78534931776019,0.036698729547892044,0.03743438773505188,-0.008424836421509442,0.013181374863879321,0.27252957783952464,46.21580888286341,-0.016246103328252735,0.001575099206993738,-0.01176648417182825,3.749568675265821
0.20433376029826872,34.43254416347205,0.038959697576579744,0.05321768141247814,0.02678713084894015,0.014105397812592027,2.342969305923547,43.18780410378623,0.015486152827096823,0.014660743898361278,-0.0031366113646099213,10.352198640420111
0.2388766386945006,34.9494973279738,0.05176923630868653,0.06431291557405755,0.02540893145194518,0.010922023079569614,2.0816103603374905,55.77679653363575,0.015786098740563595,0.014467067162314724,-0.026995059409779316,1.3067947279302827
0.28735180839700225,35.55193082738133,0.06625065599388104,0.07572946917475828,0.005202927694849887,0.01376470733878489,1.0867654347717541,44.257835049123706,-0.013146757609811708,0.011870753678173904,-0.024009571294688607,4.974224627828682
0.32944380432640247,36.0682078293192,0.07300085542855018,0.09023220356629082,0.017806379135724432,0.01822712548809343,2.064567736009901,33.4216801867266,-0.00811724213845535,0.01794491861723889,-0.012541352785174226,4.889011506190734
0.3883205220580377,36.65515803250733,0.08657167714251027,0.11030907114465964,0.021516081600910602,0.02409156950442743,2.613125921841033,25.28686152894105,-0.012039042629833388,0.025092713626408886,-0.023864964498167412,2.7427909291556607
0.459677024782435,37.2405323127653,0.10397183330305575,0.13635148441399852,0.03532159323178473,0.03084945748216803,3.7913219318556264,19.747775376489695,0.002892519928435035,0.03409454391107289,-0.030279579833402827,5.890980050072967
0.5501120176326082,37.82295636641214,0.12907945278899596,0.1688035735531824,0.07599215933845846,0.0386828141479846,6.570391996547803,15.749488380310398,0.034102893331087486,0.04283255301398828,-0.04412872536445975,13.895350323460885
0.6718437299140494,38.38433561026395,0.17076098517978802,0.20927389526323284,0.02415375692760503,0.0517592241758008,4.349493427481526,11.772274404371027,-0.03050708768502327,0.044971210355954,-0.07727256055111417,11.10449284533139
0.8135638694868401,38.984414923418356,0.20210909971692814,0.26404277417715577,0.07343874083593611,0.06414376524891767,7.88289693349509,9.49779526281779,-0.008237741605319515,0.06762721675390224,-0.05148667485492084,17.66701753006782
0.9668291457541429,39.4767373296729,0.24729921978070593,0.330107412793507,0.09570264776743838,0.07746446245583415,9.921744566270247,7.866904889313973,0.003835785072228959,0.08795875433732922,-0.09482420113869344,10.194238163875786
1.200939293785034,40.05938880506076,0.3178183213607084,0.4104037022133651,0.1273736242139237,0.08567431160084221,12.206747556160142,7.114192521163544,0.02041508939879449,0.10227447668110912,-0.12269548601192173,11.425014949449475
1.5348180520652313,40.68520647217504,0.4161200020296477,0.4920797819002882,0.10793298085927339,0.08879428008939222,11.271641767527354,6.865872993046188,-0.01427193097422959,0.10757486633505159,-0.15817656835196103,4.675528943163938
1.7593464071903528,41.043874086924085,0.47096456552567706,0.5701725288269393,0.09112435934203827,0.08765971273786835,10.243572774341347,6.953169466104171,-0.03824626096116487,0.11373728731413607,-0.15013249371211315,5.140344965930037
2.072777282382887,41.4939277481861,0.5355137323836979,0.6474551750664649,0.13109435084954574,0.0827325042912457,12.25137634612258,7.366134649598438,-0.01077397241037539,0.12510324046278032,-0.14157464737898573,10.039017858906165
2.4046873761360787,41.89190026415303,0.6075017473197342,0.7209199598217656,0.15863062679466045,0.07489023443419655,13.379759776673685,8.140520278951621,0.031336214392142875,0.12320322230629188,-0.17721752449935302,5.641917152755527
2.787943932403504,42.275403793663365,0.6902048224432273,0.7876338526045883,0.08211818344580889,0.06618495372808197,8.497143848613653,9.211098314818376,-0.03304177533315422,0.10379525190997652,-0.20424423844561815,24.41307964030016
3.2006355123881702,42.6662111735539,0.7485586089069707,0.8428793452229233,0.09708159931220775,0.05835701218403497,8.905976412108386,10.436155427068304,-0.01758582149949512,0.10107720134987441,-0.135286432475881,2.0441628174736604
3.6797365063520515,43.06980248999553,0.8121751681147238,0.89407526184575,0.09252773929370067,0.0532660665467935,8.353369753810087,11.43908315601948,-0.015981759840225925,0.09605482563344048,-0.14868111098214937,2.7630332914914923
4.1010664633500475,43.38856587686423,0.8628488732185297,0.942899747918594,0.09308265674005238,0.05450571776569704,8.456190964375638,11.177589951052799,-0.010050145924502965,0.09066430577714413,-0.14484516339258785,0.5141060528277563
4.502758929149926,43.662522313933074,0.9097691572407571,0.9939483676951422,0.10471586079321052,0.06226298174384519,9.567182945352835,9.785766543196674,0.012767430126484252,0.0895429912292578,-0.15181083748124458,5.554959904885983
5.051893589453425,43.98427087523149,0.978842503593963,1.0585279831398788,0.09888686053029572,0.08026948199888842,10.264902299922388,7.591675805663968,-0.008607447238731953,0.09326712484756339,-0.1803070758973766,3.4885967728477674
5.458678104232609,44.18658861455031,1.0318317674545112,1.1366585930616033,0.11046754004790486,0.11018429403865934,12.642418834981004,5.530352287296372,-0.020658315693231778,0.1128882598611749,-0.2007731834551466,11.88758267529308
6.018961716004984,44.40259147583096,1.117992662625075,1.268460713756092,0.1827376454166636,0.16319347534029022,19.820393221603883,3.7344706820672426,0.004052924930653258,0.16225581105112918,-0.2615882737971861,35.88987193311439
6.570926997956227,44.50848889366304,1.2438464677489325,1.426337948919578,0.22989747963045803,0.16965806468230143,22.89284637017346,3.594240542930585,0.00951237129315341,0.2035776586558271,-0.4418022031325647,15.362265742847878
7.05369064854365,44.521455441273936,1.3703463158902227,1.534968682693936,0.15544056511299909,0.061571543859934075,12.433877947382172,9.89281352002213,-0.02551470540018038,0.1714682115435553,-0.5499971257308857,52.294842113956435
7.6406647808251025,44.53382488809497,1.457306103810927,1.5594835445440707,0.09992382032442627,0.002015702521634588,5.840704424656722,301.51963420988,-0.02668800722277834,0.11921178647079822,-0.3207562434965999,32.965867613627246
8.210068759240286,44.55039877225883,1.4973572726866662,1.5547025101880176,0.06095867140308747,-0.00869256217126877,2.994627470552961,69.93930812291316,-0.016530721370034994,0.06927116557636226,-0.15901712192579998,14.230384770518805
8.641308697993836,44.564478680106795,1.5129831614967115,1.5544104430784431,0.0415749608768679,0.015206312586813424,3.2533273248471173,40.016074838194854,-0.010269838461642011,0.04334501896777332,-0.0836050752523821,1.2934992714707816
9.204626529296691,44.572816287382196,1.5338129680306438,1.5730080099477648,0.04147521242046001,0.018952100398688096,3.4622299918539627,32.13850818533899,-0.00773757999386329,0.04076537313237805,-0.09240168231053879,1.0445133350342273
9.937713838648971,44.56374286991539,1.5627089322122165,1.5912592614861223,0.02960419631208708,0.02054260620648978,2.8732001403904612,29.65419077855484,-0.014827785871886002,0.036345827195284564,-0.10006950951433019,2.9451492573175075
10.374943219977428,44.55112315048915,1.5772335932355046,1.6129778086994053,0.04637505756031651,0.028735988305934837,4.303545922949751,21.194429032540636,0.009393315422282557,0.038522806316688696,-0.08396434308390263,7.1517289127964485
10.909288994164676,44.51811215283638,1.6030627579025725,1.6447125790386832,0.05732278582859922,0.03920382430695479,5.53056737147196,15.542271929059448,0.013826155177559493,0.04440918928444271,-0.12708376316527045,6.1351072426110465
11.451952507493118,44.461252689549944,1.6371153313221845,1.6820665396179224,0.04522727236699322,0.04080240483745369,4.9291374166876345,14.93218480275994,-0.011763558373687704,0.04759217371470226,-0.16560613382647066,3.007149773921629
12.143096027324182,44.36619642480153,1.6766451969972018,1.717317708008738,0.04547565032178295,0.03761895872817886,4.760970398852386,16.190124765159172,-0.016034330203381724,0.051670745968070975,-0.15120773298343398,0.8408350891762417
12.694085460736579,44.27191746868395,1.7070698603632382,1.751666529109811,0.06869852986081164,0.03581394969249204,5.988123984851612,17.006363560236245,0.014847897462693278,0.054471706126830055,-0.14872645046723448,6.135767929996128
13.171407206773912,44.16927080709906,1.7398584031197797,1.7853479173576694,0.05467996961507495,0.03652885373269955,5.225880632181763,16.67951891546313,-0.0065417137148770805,0.05214712498764684,-0.18964843726793548,3.8112167633492433
13.658418267109672,44.05118028142154,1.7699843920081262,1.8203285287876607,0.058552811556888074,0.042797159319954176,5.806925585016868,14.2297396862811,-0.005358230954000013,0.05366946185723709,-0.16850965227532105,2.905224764175527
14.19437688523752,43.899394232153256,1.806725953694554,1.863162948514685,0.06574901240904334,0.051173156784137946,6.699146826283822,11.90253543632978,-0.0054951899692403695,0.060125512488527155,-0.1905924990201232,4.461106206334766
14.72057219746158,43.72250098198691,1.8489071089631968,1.9134928960841242,0.07232878757689776,0.05500697936825638,7.295802027018787,11.072630099056521,-0.00691584014707643,0.0677638037930941,-0.22382228068987015,2.9832760036748285
15.324049647557064,43.48229718347774,1.9028388963690186,1.9605596547144486,0.06551918816142806,0.041074946451656574,6.107394034179114,14.825754130526635,-0.009922848706204199,0.06576979989897525,-0.24956701730564618,5.942039964198367
15.817870386696923,43.26494048088777,1.9410090877855253,1.9920993697104452,0.054576950458352376,0.03700206371748998,5.247091004244504,16.452232285182273,-0.01586971744691449,0.06075958412213822,-0.21368777987448995,4.301515149673052
16.22081301656675,43.07612029905805,1.968060414847983,2.026701596315899,0.06040199375754037,0.04009741458286614,5.7581919414671585,15.183788542839554,-0.010402882811598919,0.06031091429862623,-0.18667980920655652,2.5555046861132746
16.839634910464177,42.75544930012785,2.013712633336034,2.065617608486181,0.06700447331526607,0.04795482182940031,6.58668242758816,12.699471218118486,-0.007934875412310503,0.06381162557669828,-0.20902740266455455,4.142452430605008
17.22546878757993,42.532701447219374,2.046294860358831,2.1109908419416135,0.07206513546126042,0.04892583703463722,6.932272083198359,12.448790038696645,-0.007876682041292746,0.0688764727124922,-0.24193637704843965,1.7279482780509925
17.681979887568176,42.2420298698466,2.0890245346641434,2.1550094386930883,0.06233202748658344,0.04940565112964493,6.402097397299074,12.324654561415823,-0.0190255741756572,0.0703744508788926,-0.2586707347303453,2.650873429496423
18.150180987985646,41.918533511712766,2.130783544616552,2.20266309244243,0.09151589492431796,0.047553937480861716,7.968114454408486,12.802834240973265,0.016400639135593302,0.07391123152316137,-0.24343743591876396,7.830085285547059
18.586923161049338,41.5768995317198,2.180502743037751,2.245171201383586,0.05643777610879628,0.04584334748883934,5.860276706000452,13.280772928546881,-0.020430548434608474,0.06718450626448602,-0.3073990215571698,10.53918874204017
19.08898412045476,41.159848444990715,2.2248234081111344,2.284539509711627,0.06567598215098,0.0452694417722177,6.3567045470889845,13.446222357491877,-0.015574423495119658,0.06997553122636191,-0.2315296624803989,2.482139205442664
19.471357698433604,40.813059384003566,2.2621289424511017,2.329817251187136,0.08561309066653358,0.04509666810660132,7.489117518873715,13.501276457290214,0.013018751386157264,0.07173705490282867,-0.25443077856020296,5.662064858923652
19.9017752626718,40.37734813815424,2.3137912802459195,2.369051315864186,0.08323596919979559,0.0477605683512938,7.505548732504427,12.74659188469226,0.014680933932515093,0.06833265507167363,-0.30392300702934993,0.08215606815356047
20.189979305836953,40.05729529032301,2.3507008873183985,2.4121030002929364,0.07097053833955465,0.04882534759499446,6.863798667080285,12.466183124903534,-0.004044716862799325,0.06497495955951038,-0.3081498338960974,3.2087503271207085
20.617610925485394,39.54372478421902,2.4032772044193997,2.456597584692689,0.05218829051719203,0.04796855092125925,5.738564303784251,12.688588078354584,-0.02357589643641346,0.06534248750353466,-0.28717731606205754,5.62617181648017
20.91000202777793,39.16892444235324,2.4349466965656026,2.4996608007448624,0.07556681442545962,0.04513955346374181,6.915965440404685,13.483999782455536,-0.0049954927682327585,0.0693045125244085,-0.243255853802383,5.887005683102169
21.249257581710935,38.68829611200719,2.4810276838076177,2.5392538384322365,0.05974905880867456,0.04014086194617135,5.723270875148916,15.165794203827504,-0.015953077466341035,0.06596080872616872,-0.2963402753669272,5.963472826278844
21.572730223683944,38.1960752059087,2.5200725988369452,2.5730296796974934,0.08227959260368876,0.03280607639090601,6.593923115829877,18.55424912468238,0.021775294122824366,0.06122034129430265,-0.24859677355548035,4.353261203404801
21.824511253059494,37.773500190536595,2.556825299587145,2.601947843928297,0.04607836512237388,0.02979671849438286,4.347322061442379,20.430711944207946,-0.010969001987917854,0.04935165760993154,-0.28867436380943556,11.233005271937486
22.127292498654153,37.248336635068696,2.5876199127642447,2.6297049122938247,0.03142386175569496,0.028870615597998438,3.454619080313752,21.086743169099105,-0.023772691792738894,0.04629631138804413,-0.19285283226772088,4.463514905643136
22.422749849151398,36.71462069088607,2.6120956884274347,2.6559516271132964,0.06981995750848909,0.029054591065678023,5.665094334561027,20.95791145149408,0.021190034386830658,0.04945799154393793,-0.15465960433702805,11.052376271236373
22.708509274025893,36.12852351040839,2.6535249494893796,2.683153482540834,0.04683700363909786,0.02922177085962497,4.357846773714072,20.84094129864004,-0.005287780189762409,0.04426403268510137,-0.2545629989728302,6.536237804234775
22.874394524887776,35.76856514918031,2.673653807162196,2.710066397857988,0.038306626332608375,0.028429604333038296,3.823704357753095,21.414617402238537,-0.009199486274515336,0.039232840469711316,-0.19697744983215967,2.6707120798048845
23.10969116810551,35.23578631322132,2.6992364201547883,2.7365590852183996,0.02387233538530685,0.027773086283690532,2.959064692807038,21.92541692808247,-0.0252333826952987,0.040425631731642486,-0.17410580460675373,4.323198324730284
23.337770763909656,34.698015250477354,2.719376735420685,2.761608404026828,0.058877412776422444,0.023293835250376732,4.708065709258286,26.1443883143694,0.01570090703892256,0.04463993209783679,-0.13554680635300395,8.745005082256242
23.529726444344995,34.19180990854085,2.747885676881798,2.7804860429034823,0.014949204363987728,0.018743939956986342,1.930474968116992,32.49122471456911,-0.028433982663216586,0.03642175369017897,-0.21607755379241725,13.88795370570647
23.768153671364672,33.56503533589146,2.763576536468274,2.796656406550428,0.055030528219917475,0.014172460508588,3.9650391838347705,42.96901872766742,0.021214790272582666,0.03623081482690038,-0.08927595660574839,10.172821078588893
23.93496848012468,33.07823917988691,2.785846418709494,2.809052982565217,0.054080986920212584,0.01066587544998955,3.7097219505269883,57.108524778661604,0.032900082454923506,0.025789236913797975,-0.18349629179141047,1.276586166538911
24.123271227828056,32.47931587397072,2.8125040189526036,2.8182574784799237,0.00600386050233196,0.008658599188815444,0.8400970575834387,70.33510650033354,-0.009253465031326936,0.010586091602370562,-0.17229414329351106,14.348124464717749
24.277834718702866,32.00315749701762,2.8182624641923724,2.8259292580514876,-0.011957082704302355,0.007193695549947046,-0.2729219801313904,84.65643851060403,-0.026203748875714465,0.007941724536149497,-0.03922020848693503,5.565095188574145
24.475299513212605,31.41752921627754,2.8168854386560622,2.8315089588236915,-0.009409534707705645,0.006304951754858621,-0.1778795003463971,96.60794808555558,-0.031089015632124076,0.014175458123887541,0.012780383791877351,0.47521239892496653
24.66043133457761,30.872164446674496,2.815669941461034,2.837462317812311,0.052930565903049474,0.0057621553703934,3.3628452171059795,105.7197803619363,0.03464022640678277,0.021558621933432498,0.008331634524863248,17.703623587261884
24.800712897562068,30.4043669313638,2.8320036722150825,2.8426252432461943,0.017895115643919234,0.005771772361828149,1.3560127969381146,105.55908279760611,0.010859660717216665,0.012819864279168147,-0.15705489974236825,10.034162100839325
24.984149218818274,29.7860570996381,2.842645876622574,2.8481885954511297,-0.008066148564505448,0.005788360028628599,-0.13050766972902655,105.22688460002523,-0.02116145181307435,0.007318441236750406,-0.06351486839762008,7.432602333335706
25.136255744275044,29.29167133753999,2.842366056283965,2.8537881441800144,0.04304046293174719,0.0061545168956653636,2.8186647173419623,98.96822317965365,0.03579955153827103,0.011336414356786229,0.006127474595304154,14.745861935354945
25.336642750199537,28.54315148514483,2.8662699587435303,2.8601365866331716,-0.011530898119418792,0.007109490248263538,-0.25332801052311815,85.6853888981147,-0.01765257049555483,0.0016991977150992987,-0.13216359387787596,15.359963639325402
25.44483367796346,28.156507034302567,2.8661513111842125,2.8674951497024095,-0.01895823133615263,0.008726802027173944,-0.586217717790931,69.77878200576104,-0.02672575454318873,0.0011362129257932452,0.011913527951894168,1.6644485363390644
25.60549961180101,27.603708000030544,2.8624105780358127,2.8766319242228886,0.011594412183715496,0.011509779590196625,1.3237726777060392,52.922437616694296,-0.010174633407517543,0.013643443116422294,0.027614421701356286,9.549951977484852
25.76348102613241,27.020480337192396,2.8705792045897867,2.8895796049737745,0.019889464922081598,0.015792836741007503,2.0444452886076436,38.57623007819153,-0.008370823809538136,0.020519523094121528,-0.06227222738843735,3.603363054508022
25.895990297180578,26.491182181698626,2.8829497273158404,2.90707531300403,0.03649823258949728,0.01947337412160727,3.2069368371124054,31.282194800051116,0.013925730965674787,0.025464309158666598,-0.09617195887693536,5.812457742523809
26.0196121728814,25.931296277218134,2.9035450407452967,2.922001395183591,0.0198988273678773,0.012835939897064441,1.8755640076241669,47.45220754534712,-0.007972524200305704,0.021600677711430816,-0.15090887409650358,6.656864147441192
26.151504872071754,25.314520707485404,2.917477340346305,2.931718037211331,0.01005052436852614,0.009443383971035973,1.1169186740717876,64.49814464589204,-0.014138856608067202,0.01761731283817136,-0.08850377404940926,3.793226667761896
26.249467428755043,24.850994750702338,2.923886434994815,2.9439098832048396,0.02413359640566757,0.0201830388686179,2.5391561634371467,30.179733553455627,-0.0049008598890721115,0.02075558417826695,-0.05279149280873095,7.111187446826795
26.370438163804646,24.20183299150425,2.942543590067021,2.9774307172168566,0.04427741901289216,0.05245975242720935,5.5426316455513005,11.611456824712837,-0.0054689213506991085,0.038211917615889934,-0.12005518231849005,15.01737741057077
26.436274866088343,23.70504316619294,2.9732156222880546,3.0399553712981606,0.08082081390425862,0.08214995590819774,9.33753729425179,7.412170211609456,0.005906970023688832,0.07035676522359235,-0.2619027770315481,18.974528243502448
26.470326890618512,23.03610969140896,3.0396485689556423,3.1234763721194025,0.11162363124878034,0.08772454950835462,11.421809410994884,6.933015881575644,0.007135072840942739,0.09900210339098603,-0.4414498870932336,10.421360583715469
26.448628906001954,22.539119608936126,3.103926956876634,-3.083940194522258,0.11697883493582528,0.07224942149103615,10.841980457878455,8.408570449704005,0.008918183412512142,0.10459583428423169,-0.5411718298263628,2.8991447655821467
26.388728486026842,21.987187145028262,-3.1101687978228734,-3.0232892105768276,0.10326725108063185,0.056665454216874536,9.163469019656699,10.720215838920527,0.007809655391869312,0.09395094067033627,-0.5155603834328433,8.39255719110878
26.296363034806127,21.40787603826403,-3.047932195529165,-2.9753601585156075,0.0729922639347999,0.04768720030321248,6.914423974738061,12.747011264412201,-0.018618774900109974,0.08158122576833415,-0.43702557355070204,11.245225224593188
26.184998545956155,20.828911912780868,-3.0006389511380247,-2.9326375636311,0.06476304209570512,0.04320609384498504,6.186175807075795,14.081393677229475,-0.02194756444827666,0.07596109893455161,-0.33002650857214333,3.6412408383113304
26.0492738420175,20.238363555677246,-2.9576111264221465,-2.8913930803392716,0.07947887682355395,0.04496636456463028,7.13018711202971,13.534330951729665,0.002761415670163744,0.07539480380331831,-0.29507009490641517,4.720056524769576
25.90322878137941,19.72379322555211,-2.914381655522986,-2.8441841421323315,0.08057461965903633,0.051168005336547515,7.548296394221659,11.890719744361451,0.004320524189336099,0.07490918278025749,-0.3397263624053132,2.090546410959746
25.7064420991228,19.14796032292177,-2.862073086592383,-2.789067589625572,0.08940514646706219,0.05979412460051384,8.548488538600438,10.173813829204244,0.009253517748584038,0.07800614850942678,-0.3587584178477611,5.000960721893892
25.47784239105297,18.597851058085926,-2.804247314872288,-2.7363060761908105,0.09926084891124784,0.06734035242317683,9.545545698271834,9.030186378700026,0.014475340356756133,0.08214530973893375,-0.40500992992147067,4.98528579835698
25.223469343447505,18.089182490686916,-2.7425666871726926,-2.665228755704732,0.07537196295407571,0.07391094034108724,8.553280312272447,8.223876247415665,-0.02576328338613819,0.08848832411232666,-0.4503155309620265,4.961326929996934
24.979794119793745,17.655504615028867,-2.6934763940452617,-2.5944595511327444,0.11531597829710304,0.07565650085079978,10.941917058324952,8.038089392444196,0.00841964351152691,0.10187722610825745,-0.4008844052934305,11.943183730262525
24.563505011812598,17.049914439485185,-2.60240546482575,-2.5242602160785825,0.10821563825858788,0.06667651294155506,10.020582133732047,9.10995588580826,0.00510503843289822,0.10027353048166399,-0.5086369853579494,4.606674622964526
24.26983882763249,16.679014336185706,-2.5477819935924755,-2.465147016012582,0.08270633983834731,0.053008018697981635,7.775859963456906,11.466223200812696,-0.01727020189591405,0.08940932403407409,-0.46117579068471715,11.223610851375705
23.868373669768907,16.20521547533234,-2.491849800169108,-2.4207073831182986,0.07578612602411641,0.03662191649641841,6.440506419753746,16.614405872344015,-0.01308890604998371,0.07901147686998788,-0.3521952007359466,6.676767718515801
23.440611205181852,15.73653408747882,-2.4447370706839666,-2.39165331082353,0.05632943901721707,0.022512321707012707,4.517300138878663,27.03986347604473,-0.014764837634985725,0.0628378786989443,-0.28746734007242736,9.616031404375413
23.086464966637216,15.362812465538234,-2.417520768041167,-2.375569922789858,0.030954309907283265,0.010091709144911316,2.3517636575043173,60.35574688942448,-0.020261836561324225,0.04422015186819417,-0.19912968683287469,10.827682406871729
22.633989122974068,14.885980688868875,-2.3991230006948774,-2.370361811357214,0.028116904761275697,0.0008736188901520543,1.6610346511010028,697.4258444503904,0.0008000796470658312,0.03149552825879898,-0.1023085662094993,3.4536450320165724
22.221163581135343,14.456575272910783,-2.387602954418483,-2.3711240544314167,0.016418945214529454,4.224764292141708e-05,0.9431568764828306,14420.626332758378,0.002981446132596496,0.018403326092569117,-0.07178660677179773,3.5893888730908605
21.78867998508325,14.00851007901433,-2.380662202488637,-2.3701795862884505,0.02306757166775369,-0.0017250865689613145,1.2228343204816532,353.1725933504076,0.015157862897595223,0.012817241156362513,-0.04055969952194263,1.3983872199941128
21.413583552602944,13.626776907545896,-2.3732893167371887,-2.3776505901731233,0.006826469602499557,-0.013413215940494383,-0.377392765890354,45.41324354793599,0.014452100764322323,-0.002343003608091365,-0.05249711208510591,8.001135431860035
21.073114573533328,13.273149009212093,-2.3745972067925707,-2.394009011304282,-0.0197570219048219,-0.020085995450704643,-2.2828367375381613,30.338726651203757,-0.006165342146415087,-0.019597780923128028,0.016132307471836024,9.527219858239036
20.610988898685186,12.764025586722486,-2.391859939354161,-2.413389029468887,-0.027152399934870175,-0.021233968298221183,-2.7723346857220132,28.696689683352986,-0.008044054727666354,-0.025991138846308104,0.09727610620972697,2.4474897409192597
20.27481392860217,12.376398625582786,-2.407849688485875,-2.4316468306070154,-0.030083139443290337,-0.015573373086947354,-2.615925475268779,39.11842289608956,-0.009780837601011358,-0.02694934700024776,0.11839763793470734,0.7820460522661721
19.963233889472303,12.00609814883395,-2.4224701807404805,-2.445148062500594,-0.02487573361965113,-0.014696664089384758,-2.2673313739409244,41.4452590422533,-0.008089412827991357,-0.023527602727428043,0.11217257626440397,1.742970506639272
19.592227843348127,11.554946764649298,-2.4376915527040772,-2.4591467442511137,-0.02717349542289524,-0.015384981871265586,-2.438421131458759,39.590588052251135,-0.011254074511347151,-0.0225614802482772,0.0977575316718206,0.8554487875891725
19.21988580798799,11.08605669828119,-2.454292637857902,-2.473876090708093,-0.020821614558743443,-0.01602129337834766,-2.1109431297843626,38.02016967483578,-0.006152810929193951,-0.02156613970315746,0.10558487618841912,1.6373900083719817
18.87936044827862,10.646248014185318,-2.467793671832095,-2.486594783377754,-0.029219447182496184,-0.01171391883675691,-2.3453091141674216,51.99885728482666,-0.013974060420377557,-0.02155029058950264,0.09182257512051324,1.171829921915295
18.46971776499951,10.09741633747621,-2.4860419235332407,-2.494172516015482,-0.010949509158802792,-0.004808608960966133,-0.9028736613313877,126.67683774467807,-0.0044222912517159355,-0.013092477621033272,0.10245486595103478,7.21217726418017
18.16197452685653,9.685100823447621,-2.4920454032587025,-2.4991247997064856,-0.0033015388116309297,-0.006421358956056869,-0.5570810067256805,94.83753887239162,0.01023353207759644,-0.008259464059369392,0.039655398831397265,1.728963273028536
17.775663862448177,9.167850433024139,-2.4962606589320693,-2.507410843301152,-0.010519955560925958,-0.011909175472461678,-1.2850945463590104,51.14732285194394,-0.004197417641332127,-0.012336355635534701,0.024548033939703374,3.6400676981666495
17.5049482027113,8.796892675525974,-2.502634148308217,-2.522022802188868,-0.021102488759249353,-0.020105165017294986,-2.3610246450323187,30.303344954999968,-0.007221173576540929,-0.020439601583586153,0.056630408855415926,5.379650493366541
17.18530467545466,8.339409366465116,-2.5169596542858357,-2.5436918754470232,-0.037061767231018804,-0.02540193187358463,-3.5789063314688763,23.984008928456873,-0.01589827077486862,-0.02827120871570754,0.10404501262953506,6.089408432182788
16.86613823070528,7.850145266224575,-2.5404134404707635,-2.5713437128140266,-0.03340640642505474,-0.03553243286274747,-3.949904535721733,17.143595178132465,-0.007918489296449074,-0.033833697241173244,0.1579446707568066,1.8549910212642828
16.57685511819773,7.377619350183727,-2.5652042601218046,-2.6104080646295795,-0.049785359253804395,-0.049908839878521516,-5.712056852219068,12.203409245925636,-0.010678858858930374,-0.047763252720455895,0.17504533835581615,8.810761582486677
16.291105771342675,6.856196230089935,-2.6033912908927657,-2.665059293748892,-0.06731961276576337,-0.06616418389595313,-7.648058182098823,9.20353328242292,-0.010712340865327161,-0.0662725311488046,0.2540807527449806,9.680006649398774
16.023614603487275,6.281954460691662,-2.6577757360419683,-2.7313555171292183,-0.09629717357694993,-0.08047844979093638,-10.128497139774097,7.563342250157374,-0.01959587258894349,-0.08707409349643669,0.3422338871594137,12.402194788376374
15.842879119220994,5.796338378620223,-2.716150963499732,-2.810900168319956,-0.11203201321089835,-0.08579604211274547,-11.33471263932535,7.089747860302947,-0.016801038842239532,-0.10606579065992028,0.4559105421884485,6.031077497756261
15.701006398325593,5.300315179508005,-2.7824493898544773,-2.8862404787055103,-0.11591380128646463,-0.08368922829875824,-11.436411173258177,7.261784120690294,-0.013935444357505782,-0.11282005421405872,0.5146155843837126,0.5084926696641379
15.594007822028031,4.795553831991979,-2.849905036219429,-2.9587153426793056,-0.12382493789517071,-0.07715812986593545,-11.515481536303223,7.873485662070233,-0.019790287218549456,-0.11428904242554028,0.5247741319890716,0.3953518152252311
15.514526413272902,4.213265437700665,-2.9272841763394846,-3.0262844166019125,-0.10768538476752297,-0.06503269050922394,-9.896016758980448,9.339894716967333,-0.011327670904606834,-0.10638650186760312,0.5344992842161971,8.097323886613879
15.468395648635996,3.623801149503971,-2.994674353618696,-3.0831315341141905,-0.10484252340395406,-0.05364383361173744,-9.080599367402709,11.328694845044017,-0.017289431671645598,-0.09644600056065267,0.4643107350530514,4.077086957888696
15.454601975086304,3.099664338252871,-3.049329372475302,-3.127230020661597,-0.08448149946824497,-0.04507127024522552,-7.4228269288121345,13.48837234692338,-0.00940980665546628,-0.08379464094931866,0.42901268187191227,8.28886219295287
15.460906624280398,2.501289454738296,-3.1005894011393123,3.119065863108332,-0.06709572347588248,-0.03353429301773942,-5.765675237416398,18.139466118571704,-0.004046879279229415,-0.07079316960427473,0.35269553916186613,8.28575845697868
15.482142336889872,1.9434295228061083,-3.137872326799217,3.090299021758005,-0.055284774190758945,-0.026713062760577784,-4.698129986513464,22.78368093629763,-0.003542636962812822,-0.05878844192341148,0.27484212273955666,5.337726254514674
15.514825930169515,1.3988157348879184,3.1157116152773536,3.068121626855234,-0.060638153945276795,-0.026176519698909523,-4.974114399617498,23.25817403805753,-0.015242166013278928,-0.05221279279437718,0.22431558759764353,1.3799220655201738
15.57409132591815,0.768790094142275,3.079880086063541,3.041661495361277,-0.05975729120640433,-0.031474059746953574,-5.227171368904227,19.343319917712012,-0.02130523005606902,-0.04638644219526755,0.23764775232171143,1.2652848464336452
15.658197275631792,0.1408658155199637,3.042169002346452,3.00579904125809,-0.06169923602346438,-0.042583550174761176,-5.974963525023436,14.296078221541475,-0.02403440848457392,-0.046681705980666344,0.24972779141205542,3.7389607805960434
15.754901564072116,-0.3982785163212076,3.005059807819125,2.9493963139010377,-0.06829520281970534,-0.06539195315157735,-7.65970981226166,9.307845612972532,-0.017973447634988645,-0.060581303516869855,0.28534771127238817,8.423731436191119
15.890465986568422,-0.9594863509228055,2.9551263080679293,2.873483864753499,-0.06704678266075885,-0.09280345434015391,-9.158743934318252,6.55498992942992,0.020913687378075207,-0.08669673342735296,0.3655393164739026,7.495170610282962
16.037063347545516,-1.428909917497331,2.9041784698135347,2.77993849679698,-0.13495435477773884,-0.12623182310979075,-14.964865660108595,4.81617554695581,-0.01901951112608196,-0.12727014007300852,0.4365745275530495,29.03060862895171
16.342468935657813,-2.071497983128193,2.7843857429908003,2.643408159938622,-0.16324747844721588,-0.15887924845571033,-18.456501919900944,3.8141446957924683,-0.008230469914419022,-0.16844239068117384,0.7114619821930044,17.458181298961748
16.683833966647434,-2.5664384765225874,2.6589255929671065,2.478793933433829,-0.2250926938029438,-0.1698835432178017,-22.630471389247575,3.5574309568173534,-0.022534114376986866,-0.214437055851171,0.8722449788872056,20.869847346733152
17.004204592704106,-2.8977207127090905,2.5406288842216256,2.3244156980689055,-0.2399571795094467,-0.14681504581738666,-22.16041614411044,4.100803693501154,-0.02364607000364807,-0.22789250803152417,1.062682705079606,2.350276225685679
17.570948388777712,-3.328712767919244,2.3592392932079838,2.193637037601642,-0.2056859795918427,-0.1060753559686938,-17.862608742980573,5.679206202110579,-0.016344386673694995,-0.20058824191755242,1.0114317557712504,21.48903700564933
18.00499874932811,-3.5928588912204136,2.253569237050733,2.104623796718078,-0.15957354078993458,-0.07340680752239584,-13.348790667784405,8.244079313825646,-0.011405965735815673,-0.1583979190129634,0.7889385240601006,22.569090375980842
18.563110112564516,-3.888599369339389,2.1528184153273595,2.04044174267166,-0.1268382410413101,-0.049756606393109665,-10.118139441748927,12.207027009017692,-0.01635455521423123,-0.11940538529858413,0.5641709589739732,16.15325613017739
19.13084499975589,-4.154540149826326,2.0785045494640144,1.9972789793354473,-0.08521571590842524,-0.03791767476365155,-7.055023602645539,16.04664555059765,-0.003481218209998003,-0.0900183367032954,0.41069368342200996,15.315579195516937
19.643902252312824,-4.37749229679977,2.032251633710811,1.9632381105708645,-0.07544937746344481,-0.032695213507605236,-6.196228639809757,18.630336131304116,-0.010038748574604775,-0.07264365453194221,0.2770881058248709,4.293974814178911
20.242797943854754,-4.613222351280829,1.9862779684020093,1.9312325154142238,-0.07167628736730068,-0.033542639607635,-6.028600440559025,18.155532915138743,-0.017918680546350742,-0.061380765074558585,0.23700885299069585,0.8381409962536601
20.792369486877373,-4.804198652367969,1.94616065016548,1.8952384351959939,-0.06378761988956155,-0.03764012858113623,-5.811381912885473,16.1769093572033,-0.017121807536685258,-0.05502598595349184,0.2261310204791649,1.0860926383677594
21.362555689296883,-4.9785054368460075,1.906504266318093,1.8585595414494664,-0.03541189796971288,-0.03744182094962889,-4.17421061591068,16.263179884906588,0.020093491627102212,-0.051897725869943345,0.2137614699509122,8.185856484873963
21.933529970591895,-5.1412208040846,1.8776366249667522,1.8197356644618354,-0.06422026102595835,-0.03864243190099834,-5.8935981740648025,15.766175764820378,-0.011764720160093242,-0.0593097103319542,0.1502510914215306,8.59693779077061
22.56973236900815,-5.288365600429004,1.8343191109206818,1.7794367949933843,-0.06774138352595994,-0.040295204769826246,-6.190040542341015,15.107144150463158,-0.016983515191727618,-0.058889398058992626,0.20909206263650634,1.4822118413810648
23.157004479249306,-5.395439450216567,1.7922527943931506,1.7432956674109241,-0.06702598493242466,-0.0415908868219676,-6.223288335440398,14.637987437698158,-0.018183602698193222,-0.05740184438656404,0.21551942885682557,0.1662389654969143
23.675275206125086,-5.468569327167335,1.7550912509820762,1.700642761646144,-0.05111890699427237,-0.04436871600517972,-5.471037793604936,13.723250205203763,0.008619472181848038,-0.056573663883004555,0.21261947477954551,3.7612527091773096
24.313711251891142,-5.538005543411183,1.7147258460094805,1.6563625531356216,-0.07785219283951549,-0.04769115538882783,-7.193103999425273,12.771172391140674,-0.021960045395197813,-0.06394957031901893,0.18219473615826692,8.610331029101683
24.86637959590181,-5.567267834047767,1.670783396972263,1.6106528983801542,-0.06413195462929294,-0.04698586265244893,-6.366581958949651,12.951473375078958,-0.008052217397285968,-0.06506401880920132,0.23546264455234925,4.132610202378109
25.49715520739886,-5.574849121534526,1.6246481497443506,1.5652023087422366,-0.06084290226498794,-0.0415537685365253,-5.866897073117177,14.655848545980339,-0.003985389720769991,-0.06489691684640109,0.2024899712929951,2.4984244291623714
26.066277633139645,-5.560705359086277,1.5863508045960462,1.5292167473001659,-0.06813597757710926,-0.032266869631375,-5.752659396143007,18.87635908195237,-0.01423011883612136,-0.06114121087570701,0.18184641036133603,0.571188384870851
26.707849155486855,-5.519786878655125,1.5440658541203782,1.503202767469907,-0.04694518545954452,-0.018511099402125638,-3.7503688651797615,32.901463822819835,-0.007361400988246628,-0.046749406568918905,0.17352028036417141,10.011452654816226
27.28574692085769,-5.473514596846076,1.5181803507064848,1.485644069817162,-0.02610851832993792,-0.01672192825270135,-2.45400382384575,36.44452170669419,0.013952591161725742,-0.035068086034139245,0.11017225872373577,6.481825206670058
27.872003171324188,-5.422467117120288,1.5012459820101849,1.4735457737037225,-0.03793502436414872,-0.007850177283001376,-2.6232988185371253,77.62857724073092,-0.013659177951818034,-0.02975180997541038,0.07070305722089011,0.8464749734568766
28.527181289398488,-5.352975249699175,1.4815851074994566,1.4707209520161755,-0.018209220181037294,0.0028241357787601945,-0.8815004037030307,215.69751028086884,0.001754780504345821,-0.014807109405740038,0.07456870374319216,8.708992074170473
29.0058266465417,-5.303726381334828,1.47613979922658,1.4766669281447757,0.001536568155294848,0.01196325507162498,0.773482895075186,50.947429739448964,0.0060112471712361415,-0.00034926145408742393,0.024777748990193027,8.274916493891084
29.638189546694313,-5.249511391086576,1.4811742350859194,1.4944100350519536,0.02901773292327818,0.023543224580930874,3.0115210321576518,25.885780964846393,0.017877510590623612,0.01399605543169491,-0.021588652616347546,11.190190685412329
30.25030907743824,-5.2179121613008865,1.5011107946112174,1.5224262516418936,0.04675089940085369,0.03564002054977862,4.720651983371444,17.10178834905895,0.024173860923420477,0.024725116867564623,-0.0841497103818204,8.545654756068961
30.799901165318243,-5.2127510584161945,1.5298863853975502,1.555801188789914,0.025988981784561493,0.04602279609480653,4.1259709477213296,13.241359071940844,-0.01674260404147369,0.033475421764108004,-0.13312321548597633,2.973405178250572
31.360833558556468,-5.2210113234517,1.5564858304019025,1.6050679883696175,0.061886591653873474,0.061722166420982424,7.082260148542877,9.868498437746489,-0.0053872064985304785,0.054528455167325074,-0.11834496742872092,14.781446004107739
31.834057806634014,-5.255200541899055,1.5934014053077699,1.6684849752364053,0.09166494290435409,0.07673040915405802,9.648342962566653,7.943635837555111,0.009466839814907847,0.07844650568575728,-0.20558672221645852,12.83041407011888
32.39090610998425,-5.339139509116441,1.6546769106317458,1.743693937996944,0.08099546115654142,0.08485565575550774,9.502569026591209,7.179581633589441,-0.026940139462691533,0.0935294725374356,-0.2865310025108937,0.7288696798772243
32.9102941136403,-5.449775353835341,1.7123968472271172,1.8200611986095212,0.14292527334438795,0.08366203189909788,12.982496281694246,7.277776441478945,0.02655942828609901,0.11062039495828224,-0.2910013438270512,17.399636275515185
33.42475622539073,-5.614472125701758,1.791039023399431,1.8877386124124849,0.10303234452241092,0.07390852721737111,10.137965174055129,8.237693859971667,-0.013626076513576472,0.10466728287441995,-0.40984038411204515,14.222655538195585
33.928241569763856,-5.803486089158421,1.8546795156530125,1.9471276327260238,0.08885254549236299,0.054301574543124245,8.202126897942597,11.204283909806746,-0.019801905608404093,0.0971508833161534,-0.33294836886578516,9.679191380562662
34.43077236585512,-6.012910626481415,1.906274805585834,1.9893199484641766,0.0821266816770889,0.04299429822756168,7.168904077077665,14.154225230225148,-0.01710008027949661,0.08817369892108129,-0.2790050784379198,5.1661141043246595
34.91760902651909,-6.2369812425792,1.950461752810316,2.0239139404288364,0.07529304908752998,0.02974195287702463,6.01806231371729,20.46654955721288,-0.009978584545489272,0.0757095680647435,-0.2505842072581933,5.7542088168018735
35.41343950432011,-6.483239254099971,1.988848228508475,2.045344919564595,0.05058924471290924,0.01550669166832027,3.7870181976096426,39.26088370266574,-0.015500905427910829,0.058404602441768816,-0.21539464022679672,11.155220580538236
35.93638294470657,-6.7498004084074426,2.01491103466728,2.054238900052691,0.03930379403524469,0.0011289931965719642,2.316628062333537,539.2710286356375,0.0029565094699297552,0.04054244632286563,-0.13857948412474858,7.351950676380527
36.413221958907855,-6.99579113782794,2.029556660113199,2.0500281378894907,0.02586895055252666,-0.012024831002640929,0.7932096212830054,50.639418124984935,0.008713609506979378,0.021220851013913578,-0.0859908329106384,7.617092205252658
36.971925558371424,-7.280402533087217,2.035719486569818,2.0324924942539946,0.005759297832587839,-0.027284175491703075,-1.233284644402738,22.319453344525783,0.012099367403809305,-0.0024503729772167304,-0.029770740891911385,10.132471328428718
37.45078410051912,-7.51238053610552,2.02889966239743,1.9994104551447132,-0.03918942303404062,-0.04385039032391766,-4.757830836965086,13.884890899021002,-0.017028017380908575,-0.029895854522485443,0.04659294968873622,17.62273096281174
38.00237524892701,-7.744186448311856,1.9976330017172261,1.9535470696596284,-0.03910156920639278,-0.05825120048610652,-5.577902827289323,10.447067623193892,-0.0007810552688783538,-0.04808059662430897,0.18050086869719487,4.100359951621186
38.627731735991766,-7.972590826330773,1.9555356085631839,1.8810641379380904,-0.07784901958033145,-0.07806467119195734,-8.933196449559956,7.798122604715592,-0.007999407721766027,-0.07919529064658026,0.2092396369926861,16.776468111353164
39.20533457466883,-8.131204710604669,1.8956710001359496,1.7976432237303457,-0.10570299958490335,-0.0913956906410868,-11.292923097505644,6.652609827123032,-0.01024504843035125,-0.10572647322569306,0.33146244618721155,11.798633239728442
39.75994297679305,-8.230642171407345,1.823891830406495,1.7138613481775282,-0.12839361218953635,-0.09437494464249435,-12.763698114695579,6.438376065594001,-0.017107983638841667,-0.12189574009553694,0.4106030018516953,7.353875085949673
40.43835726542698,-8.282451364534783,1.7252841304664945,1.6194959888744247,-0.14428340492272324,-0.09017940759197121,-13.433729609859093,6.73791304691994,-0.026547993880103413,-0.12844746475881585,0.4461145357782206,3.350157475817568
40.938013205533906,-8.273215301789232,1.6489121665050113,1.5283490946565594,-0.13774181815108333,-0.08129890660352723,-12.55010906992592,7.475828055206478,-0.025736798208105937,-0.12296586078656135,0.4524044753174124,4.418102699665862
41.670224840409986,-8.198239655224505,1.5430751018050868,1.4489576507401165,-0.12193069844658999,-0.07175053481069978,-11.09711723653154,8.479197993687894,-0.020483018986825724,-0.11205723848054738,0.3957701902739876,7.2649591669719005
42.26858509161816,-8.089193155241661,1.4651568255667482,1.3807150233179701,-0.10634843884786255,-0.06568132446639144,-9.856579388541235,9.271193869205216,-0.016360976344929314,-0.10019458591704877,0.3304227982642732,6.2026892399515265
42.89882451713517,-7.932845368716578,1.3913625478619582,1.3142323087441594,-0.11189196940309885,-0.0670027136420703,-10.249910315818758,9.091327568359725,-0.027384981207975497,-0.09446645222190386,0.2769789963588507,1.9666546363876147
43.425785589206335,-7.761366098199621,1.3266658435036585,1.2405800288975803,-0.08419032734222534,-0.0772611419049186,-9.25048778404755,7.880100182955399,0.012260181805008413,-0.09509471246758872,0.2755222972541922,4.997112658856038
43.941668785039035,-7.562714769726208,1.2678945346777848,1.1568864056205619,-0.11390944024503133,-0.09538680699819566,-11.991791634963498,6.38615303325363,-0.009729903181467553,-0.11424250671233227,0.23718389361436054,13.706519254579739
44.506561081648066,-7.279876649712819,1.1824792715220234,1.0499516711587205,-0.1354427390948393,-0.11715351525153764,-14.472699294860476,5.194116581240729,-0.007754881995242964,-0.13889531609341788,0.29265730929869976,12.40453829948489
45.07875971312704,-6.897783812120782,1.0698029831231985,0.9214922376361797,-0.17460169129205838,-0.11804201234823683,-16.76724911966616,5.154633702644953,-0.021364551177460576,-0.16391030679658292,0.32937296882232764,11.472749124028425
45.52913019187297,-6.498492627469206,0.9556238597084228,0.8223673650435682,-0.1571335883663551,-0.06586319355935263,-12.776774449342252,9.239401396108983,-0.018316626322690457,-0.1484877779956708,0.3536402352635214,19.952373351619546
46.001538337448885,-6.014271711226636,0.8549719489841963,0.7908288915226501,-0.053781349555710956,0.011718231715545147,-2.41003912540294,52.04119267527453,0.02263582649955068,-0.07323135918685064,0.24346262583955022,51.83367661969656
46.47912369073451,-5.554611708101497,0.829336844270697,0.8152743876769805,-0.004969059542971194,0.032747790603590524,1.5916040500024566,18.644958642322116,0.014661074151960182,-0.01690118699828036,0.042651979667823914,20.008215877026984
46.880977587625885,-5.197739821020374,0.8369255006913942,0.8419510266227972,0.014441012835506953,0.02848773547146574,2.4596360977689136,21.415321860967463,0.01050607517135649,0.007379073181215001,-0.02776905113351891,4.340160238832285
47.27409992375241,-4.864685957876092,0.8509567610828122,0.8620576082682734,0.033365378427744584,0.011368631611097444,2.563069975921504,53.60729253660787,0.024788163488038212,0.013503572106205342,-0.043088968850953424,0.5171693907629527
47.726231697681094,-4.494952586849066,0.8679860562459852,0.8635392336148088,-0.021139436019520456,-0.011726535394613092,-1.883081451627462,51.954484618860896,-0.02358299252084139,-0.002365645861476695,-0.04540552229966547,22.23075713774483
48.15634760439307,-4.114733644631506,0.8571849941879055,0.8444616087519965,-0.017650196407165367,-0.03160028734532437,-2.8218448579952953,19.261372009302058,-0.011363772651075538,-0.014586935670828804,0.03354876433239973,4.693817031839166
48.581337233456324,-3.7182762215862297,0.8387891357574759,0.8060403205794247,-0.0347129615311447,-0.05178501495460157,-4.955968989055098,11.75985223529625,-0.008047518235473183,-0.03556274348145849,0.049880928894149044,10.670620655299013
48.97076506312771,-3.320676028025112,0.8080538882944672,0.7460406184832421,-0.07120540620212723,-0.07650584138208821,-8.463231073187522,7.958731731951868,-0.015660879853377767,-0.06533985755497085,0.08632249766859461,17.536310420662122
49.333369015969446,-2.889094204709606,0.754877581831317,0.6605883774605337,-0.10377265320405123,-0.10122360051178064,-11.745420153910185,6.013828967332579,-0.017846967897016338,-0.09717557649074471,0.14376562393933284,16.410945403613315
49.705066337894266,-2.3394036265542635,0.6671007646587898,0.5604321804783603,-0.11519080570948977,-0.1089886939345367,-12.844539182957256,5.587534790523694,-0.003974008890229153,-0.12295077022551737,0.1899946988575795,5.495595145235352
50.02634590122855,-1.7352628101630616,0.5674694741630895,0.44801326735974817,-0.14285645494073795,-0.09528154637128722,-13.644302416859903,6.3951194103155595,-0.01333868018860762,-0.13956026603254584,0.19436806799851283,3.998816169513235
50.23338049151886,-1.2283775090914988,0.48253215326010707,0.3640383686351515,-0.13540700454287932,-0.08045434253012987,-12.367944147292073,7.575178073189238,-0.010146423095029776,-0.13508874114787,0.19542521298050253,6.3817913478391475
50.431716819270044,-0.6096569512268111,0.3901825697815748,0.2900115497803343,-0.1262741224509635,-0.06507295223304511,-10.963379801568255,9.370039125171035,-0.016108926729779094,-0.11931647648040539,0.16620237422419026,7.022821728619091
50.55837924432886,-0.10166212076714898,0.3238216164984314,0.23246840855701234,-0.09836453842229032,-0.05565712394098321,-8.82479120700453,10.955194864468208,-0.006705153133288507,-0.10068507821476741,0.1411472102475744,10.692942972818624
50.674987439381525,0.4634928360088848,0.2648607760933114,0.17917334542172195,-0.10556658928493007,-0.05774243870035391,-9.35691805994062,10.557593950797227,-0.022487647572417162,-0.09162693516046846,0.10952070851044654,2.660634264680448
50.76117831901498,1.089481445394071,0.1975035054580226,0.11962306230573218,-0.08252217865947252,-0.061741481218665226,-8.26569884812808,9.870991589126927,-0.004782036664074317,-0.08729011895202672,0.11319296713220514,5.456096059062698
50.805543957543165,1.5849882484968187,0.15016175308621926,0.06352746422897827,-0.09595253138773434,-0.060594739316267285,-8.96949790563129,10.058039340268234,-0.015141796275739777,-0.08939091654112451,0.09825302810601952,3.518995287516047
50.82313700437115,2.2116642088367406,0.08628811850006492,0.005253009802252655,-0.0835734875551726,-0.05399073815489169,-7.881849545171734,11.287475433721546,-0.006865197947572753,-0.0855107473651214,0.10526377785040192,5.438241802297776
50.81155681197616,2.7781009303367004,0.034740005001630395,-0.040372654374119916,-0.0941858483400226,-0.04277988339831257,-7.8475583665276325,14.24554598028055,-0.02287564607653019,-0.07902826417213088,0.0916389207014866,0.17145589322050903
50.76489269790577,3.4132888074939407,-0.02236099246301452,-0.07223390287820518,-0.057662090605466315,-0.025108215876941224,-4.742389230446271,24.27048485446904,-0.005181994853737398,-0.06023768011232618,0.09097497932758206,15.525845680406807
50.72101870061317,3.916135549614239,-0.05076213956140724,-0.09038592101985198,-0.028434092380052692,-0.010557182426761211,-2.2340354842652106,57.71432981290118,0.01807158387928681,-0.04118319077297564,0.05477081509436771,12.541768730905304
50.66690496934549,4.561523498239399,-0.06812193679924305,-0.09182108804344918,-0.03092416732192527,0.00767322488849557,-1.3321808711371577,79.39394501886875,-0.010574234562610588,-0.02589952011099271,0.025785695320443447,4.509273065640265
50.615753862194886,5.149194999349866,-0.07738416708694405,-0.0798927355173228,-0.013029781254644698,0.018622608929216532,0.32044542129693276,32.71212837683198,-0.01647287753165201,-0.0042578252811752565,0.015388860357411504,8.263131462170453
50.57250710963784,5.723214899299283,-0.07610147547979465,-0.06001068535264742,0.0171244910566146,0.022754801142299087,2.2849151329667428,26.770853671603657,0.003102101058422485,0.016511758510599314,-0.0037022043596884385,9.82234855834905
50.54102399107029,6.413940899790165,-0.058736616488361024,-0.03911771979012874,0.039596314741500896,0.01841672099740135,3.323902104580708,33.07690410518215,0.017623203298712097,0.025253618252461675,-0.026381263949424825,5.194934858069827
50.53257967946539,6.932842808870223,-0.039400199658712415,-0.025426270909498814,0.0346667244858681,0.010432756558171573,2.584009922053733,58.39092612556635,0.019087798035057724,0.020535401017302345,-0.038348017199835105,3.6994609126348754
50.53017834020092,7.5093879509124735,-0.02215831907033675,-0.01696725656318204,-0.007896189305579442,0.00733764545361309,-0.03200220539065177,83.02558557119357,-0.0232084613267296,0.009864307719095786,-0.02976238534341262,13.080060637221925
